Year,Month,Total_Demand,Total_Units_Sold,Average_Inventory,Year_Month
2022,1,341544,283495,299.2722580645161,2022-01
2022,2,319883,271108,322.0225,2022-02
2022,3,353173,303752,323.28387096774196,2022-03
2022,4,305076,260812,311.067,2022-04
2022,5,239112,205949,236.8351612903226,2022-05
2022,6,345725,292816,325.022,2022-06
2022,7,259736,220157,268.66129032258067,2022-07
2022,8,370437,316705,329.76,2022-08
2022,9,324264,277151,305.86466666666666,2022-09
2022,10,329865,280227,299.4383870967742,2022-10
2022,11,324406,276788,309.41133333333335,2022-11
2022,12,349431,296772,313.65645161290325,2022-12
2023,1,339865,288551,323.1325806451613,2023-01
2023,2,200259,173247,237.05357142857142,2023-02
2023,3,351233,296491,304.19387096774193,2023-03
2023,4,251824,216166,276.501,2023-04
2023,5,297319,252560,270.2041935483871,2023-05
2023,6,358351,303010,328.587,2023-06
2023,7,369946,313395,332.31612903225806,2023-07
2023,8,372344,315862,339.5264516129032,2023-08
2023,9,320325,276006,304.679,2023-09
2023,10,262590,225274,268.8074193548387,2023-10
2023,11,320848,274574,297.6736666666667,2023-11
2023,12,326389,280090,311.6029032258065,2023-12
2024,1,294159,249918,284.93466666666666,2024-01
