Product ID,Total_Demand,Average_Inventory,Stockout_Rate,Demand_Exceeds_Inventory_Rate,Overstock_Rate,Total_Revenue,High_Demand_High_Stockout
P0001,416447,331.7586842105263,0.8157894736842105,9.631578947368421,45.55263157894737,13973337.05,High Priority
P0002,425853,285.8307894736842,0.6842105263157895,14.157894736842106,39.28947368421053,16360490.97,High Priority
P0003,395182,310.2636842105263,0.34210526315789475,11.210526315789474,43.57894736842105,26332779.37,Other
P0004,438505,320.35,0.4736842105263158,12.131578947368421,40.81578947368421,16904225.2,Other
P0005,408578,392.9042105263158,0.5,10.947368421052632,52.71052631578947,18456779.14,Other
P0006,409345,283.05842105263156,0.5789473684210527,17.210526315789473,35.10526315789474,17143242.91,High Priority
P0007,437089,466.86,0.6052631578947368,6.210526315789474,62.21052631578947,14313694.35,High Priority
P0008,396538,151.43131578947367,0.13157894736842105,28.39473684210526,11.605263157894736,22103886.2,Other
P0009,450324,272.30368421052634,0.631578947368421,18.578947368421055,30.55263157894737,32556739.830000002,High Priority
P0010,422064,310.5494736842105,0.5263157894736842,18.184210526315788,40.68421052631579,23061113.11,Other
P0011,382766,345.63105263157894,0.8421052631578947,7.157894736842104,54.02631578947369,33594079.05,Other
P0012,347215,289.8957894736842,0.2894736842105263,12.23684210526316,46.8421052631579,28109019.41,Other
P0013,440895,382.65263157894736,0.6578947368421052,10.157894736842104,51.13157894736842,17777490.87,High Priority
P0014,364335,339.9028947368421,0.5526315789473684,6.2894736842105265,55.84210526315789,37032696.67,Other
P0015,389468,340.9763157894737,0.6842105263157895,10.105263157894736,49.973684210526315,22618427.48,Other
P0016,382874,289.9136842105263,1.1052631578947367,10.973684210526317,46.28947368421053,23900336.27,Other
P0017,350620,225.17368421052632,0.2631578947368421,17.026315789473685,34.44736842105263,17316043.48,Other
P0018,377205,185.83184210526315,0.05263157894736842,22.86842105263158,22.13157894736842,22039631.39,Other
P0019,371954,212.48552631578949,0.34210526315789475,20.342105263157894,26.105263157894736,26541017.9,Other
P0020,320847,283.48315789473685,0.6052631578947368,9.710526315789474,50.421052631578945,25165063.85,Other
