Product ID,Total_Units_Sold,Total_Demand,Average_Inventory,Total_Revenue,Average_Price,Average_Discount,Stockout_Rate,Overstock_Rate
P0009,376771,450324,272.30368421052634,32556739.830000002,83.0477394736842,8.985526315789473,0.631578947368421,30.55263157894737
P0013,376717,440895,382.65263157894736,17777490.87,44.3033947368421,9.089473684210526,0.6578947368421052,51.13157894736842
P0004,377627,438505,320.35,16904225.2,45.307184210526316,9.148684210526316,0.4736842105263158,40.81578947368421
P0007,379709,437089,466.86,14313694.35,35.674368421052634,9.130263157894737,0.6052631578947368,62.21052631578947
P0002,359355,425853,285.8307894736842,16360490.97,42.71993421052632,9.08421052631579,0.6842105263157895,39.28947368421053
P0010,357299,422064,310.5494736842105,23061113.11,66.4684,9.164473684210526,0.5263157894736842,40.68421052631579
P0001,356814,416447,331.7586842105263,13973337.05,37.22040263157895,9.176315789473684,0.8157894736842105,45.55263157894737
P0006,344589,409345,283.05842105263156,17143242.91,46.914602631578944,9.114473684210527,0.5789473684210527,35.10526315789474
P0005,351765,408578,392.9042105263158,18456779.14,50.74735789473684,9.157894736842104,0.5,52.71052631578947
P0008,323317,396538,151.43131578947367,22103886.2,67.06766052631579,9.034210526315789,0.13157894736842105,11.605263157894736
P0003,341531,395182,310.2636842105263,26332779.37,76.3646394736842,9.076315789473684,0.34210526315789475,43.57894736842105
P0015,335443,389468,340.9763157894737,22618427.48,63.75340263157894,9.131578947368421,0.6842105263157895,49.973684210526315
P0016,326718,382874,289.9136842105263,23900336.27,72.65626842105263,9.082894736842105,1.1052631578947367,46.28947368421053
P0011,332883,382766,345.63105263157894,33594079.05,99.61621842105264,9.019736842105264,0.8421052631578947,54.02631578947369
P0018,310597,377205,185.83184210526315,22039631.39,76.81973684210526,9.1,0.05263157894736842,22.13157894736842
P0019,313209,371954,212.48552631578949,26541017.9,86.72367894736841,8.965789473684211,0.34210526315789475,26.105263157894736
P0014,317397,364335,339.9028947368421,37032696.67,118.5982947368421,9.088157894736842,0.5526315789473684,55.84210526315789
P0017,294918,350620,225.17368421052632,17316043.48,56.56215,9.138157894736842,0.2631578947368421,34.44736842105263
P0012,296256,347215,289.8957894736842,28109019.41,93.20393684210526,9.035526315789474,0.2894736842105263,46.8421052631579
P0020,277961,320847,283.48315789473685,25165063.85,90.75117894736842,9.017105263157895,0.6052631578947368,50.421052631578945
